Unnamed: 0,attitude.roll,attitude.pitch,attitude.yaw,gravity.x,gravity.y,gravity.z,rotationRate.x,rotationRate.y,rotationRate.z,userAcceleration.x,userAcceleration.y,userAcceleration.z
0,6.150766787412872e-05,0.29936165726477704,0.15566788657732603,-0.006045098440941945,0.9785578326337129,0.30111076718178664,-0.011574495923195325,1.365995820587618,2.3017341461712992,0.3826290651171368,0.7657898499041231,1.1167785638041432
1,0.09091232699615374,0.33189204580352305,0.1542771036893797,0.003368490328036337,0.9769846636285535,0.3192516495899283,0.4278289481871046,1.7121449776550353,2.2765810882808313,0.5206049661156364,1.0412178891282746,1.1615144740833905
2,0.1360619022672331,0.25450709915219144,0.17483037837115745,-0.00953638457763153,0.9403789573170636,0.31418977700154127,0.9806412072055564,2.0202096065345567,2.414911676952718,0.7255210485087185,1.1010353130262736,1.2417317219726711
3,0.17473296463853583,0.21915706546160774,0.17886795749124054,0.032483620549541875,0.9501338161590045,0.3180962372318105,1.4082839812527241,2.24793137448554,2.020869070073434,0.8540014525952082,1.2073095742970166,1.102971655895692
4,0.2597275733222291,0.15086602212790698,0.27981136757301595,0.029574067065001007,0.9663277171605226,0.30660271548135054,1.564566183475596,2.2866828173087907,1.874754925581042,0.9244884953474982,1.1724037260833275,1.0594128287741653
5,0.2879676535838837,0.16867903150762925,0.13886686385596272,0.04484262925461907,0.9674062057226503,0.317285477923495,1.811329226152507,2.1801182978223004,1.3691023781416816,1.0871852830572888,1.1749885510058622,0.7764795475093893
6,0.3859546969374833,0.05224012384685789,0.11769277408219671,0.06016715526898797,0.9666571321907403,0.3280928821686906,1.8879283200185535,2.027820429083856,1.1548131806932276,1.089691985252068,1.0174855701680576,0.565241259497963
7,0.4843610812783243,-0.11587450437823901,0.1480192438371667,0.047177402357808956,0.9583280171958165,0.339217770933006,2.006710393047852,1.5603627018003516,0.5072258900015995,1.1309276566398165,0.9210971010083542,0.5145803133505715
8,0.41516032967812055,-0.09945675616840813,0.13320524113909926,0.03544312212546053,0.9632945346907801,0.34219229842019927,1.9809478314561901,1.4242612982338647,0.05311687034796783,0.9384845306419229,0.7818284063939372,0.28014966702803873
9,0.4185410756141591,-0.2204303810541465,0.23687286154365547,0.05096864951034174,0.9649419617849411,0.33336598863348776,1.7477528168766447,0.8988586029138833,-0.3105566539001434,1.0019237915470882,0.5499000886145733,-0.018578533451918178
10,0.47094371810077496,-0.33819744604381785,0.23839195804955451,0.05419337467427493,0.957263547956433,0.33406727616895876,1.4515713590816262,0.5925769475449668,-0.6647723502873241,0.795506549479714,0.30902161633594444,-0.26621671372187344
11,0.44836477360947674,-0.2507239162916506,0.1454384992818833,0.06750441199700928,0.9679082504417853,0.3293534357444711,1.3875186956115773,0.2768149431222696,-1.1540819867180032,0.6124482634635693,0.06218352854147671,-0.47748634207627916
12,0.40749935331796366,-0.19969529522992313,0.11843031362226512,0.0794773177778277,0.9345960869444396,0.34328872745437294,0.9527414197957912,-0.06858655831144822,-1.3031920782769615,0.42846362848891273,-0.05857368248185401,-0.7033297403439902
13,0.31586514633459467,-0.29852463858669576,0.16302499413391655,0.06470483511952746,0.9630481202230592,0.33829513014133344,1.0248447182246245,-0.31320892284519386,-1.5097957284251882,0.2722622541308502,-0.2218133748634177,-0.7041286961248547
14,0.31068139649259857,-0.38537673879891376,0.24156116964270183,0.09407693122785246,0.9458525559757835,0.348232512342242,0.716798163777487,-0.4539647230682936,-1.4336996177702377,0.11187727800443126,-0.4036010825749733,-0.8476288512824449
15,0.28770267975637326,-0.390272024996601,0.02077028532408373,0.08134525656336061,0.9652270390472286,0.3609867574534704,0.4414130338692398,-0.49665628243372106,-1.441655893337349,0.023175022038022637,-0.548650621641192,-0.9039428787599776
16,0.11925828408272385,-0.2933393351352346,0.1764167312871619,0.10508206347081629,0.9527654229528426,0.344332553587733,0.7892962595547579,-0.5392327975116344,-1.4151798450952715,-0.05030275387578579,-0.5534046334148214,-0.9187147908008305
17,0.09176603850551111,-0.33857657964487287,0.08332859043314031,0.10652798549858357,0.9455418083693176,0.33075636646933804,0.6186741242746849,-0.6200372682966859,-1.3832558883620425,-0.15174776538262058,-0.49264296565320514,-0.8513432200416416
18,-0.05552809854220759,-0.330698775756597,0.17497281546605867,0.1098481326404003,0.957512138587523,0.3380794971069928,0.3072556318639603,-0.8306826992292639,-1.3073715994869242,-0.3037609837872715,-0.6925045563591723,-0.8306834254619071
19,-0.10119266219491976,-0.31284911982255653,0.05382671710941819,0.11745500547611902,0.9439698879925248,0.3329466795062778,0.26426299228585026,-0.9229584876453175,-1.3038509926411055,-0.3047248119759873,-0.6704401125340865,-0.7454799388409075
20,-0.2039972011137714,-0.2764279048664583,0.07728343629681149,0.11782069890984703,0.943233000799444,0.3362771491661841,0.043990710681957285,-1.072986615918071,-1.1936627357408833,-0.4095105730021356,-0.6741715457620028,-0.7803152643001867
21,-0.1956466401850911,-0.19825792905756207,-0.0007248958383677534,0.12195170746362961,0.9359332569354967,0.36189916617896295,-0.17746405900800855,-1.134302930452864,-1.1263589775616194,-0.4153412420726908,-0.8524451928426184,-0.5973555249255182
22,-0.31396635149186974,-0.16423180191127335,0.008112105824718954,0.11592479721578243,0.9505534521630504,0.3515878771678899,-0.6056947218128925,-1.5263717465145,-1.4209951377140932,-0.38711670252949154,-0.692093064387323,-0.41733296432210953
23,-0.29653799583322177,-0.12889842641438864,0.10815723794783225,0.13694337883356733,0.9549726780021268,0.33446976976935017,-0.8851173818982013,-1.4621287315159304,-1.2832579116340894,-0.5416687135536755,-0.7441581260738,-0.5056831793375863
24,-0.35286758886068315,-0.13564014291026733,0.06144638450224571,0.15998725489082458,0.9593890049581689,0.35643259384174303,-1.1575381237761184,-1.77893626200112,-1.2816128151457407,-0.6828037484978714,-0.6213943740985177,-0.4137108110173262
25,-0.4102994831162632,0.0006429081826650404,-0.018291409925870562,0.16542800961633658,0.9468669926295719,0.36259873670463844,-1.5342364776174342,-1.9363058973130758,-1.1283766068128616,-0.8470250134761363,-0.7198177938086757,-0.2869549648307252
26,-0.555527030677015,0.0001745699153285693,-0.060357662955211056,0.1627254378206957,0.957860436321624,0.3463686664933388,-1.774270000335842,-1.908522893544209,-1.0917825669852745,-0.9143275297288078,-0.7437217688244921,-0.21651503439237893
27,-0.4730230787736098,0.14739138506186336,-0.13003386403737188,0.1602370227315601,0.9466320843642941,0.3430537057607234,-2.1117863484373047,-1.8222523472267096,-0.7936585486886453,-0.9970298046354937,-0.6888321527415139,-0.1638997006634294
28,-0.45210530995831877,0.08479727137650016,-0.07321333242996589,0.14986827459971472,0.944564074780152,0.34616020559906724,-2.080994804196446,-1.7401111721350033,-0.5495586206226686,-0.896410470047368,-0.6240095506465022,-0.21467274162052102
29,-0.43469595764629715,0.19286023160984925,-0.07279695704259533,0.17429206866860059,0.950251911624697,0.3519752892589687,-2.3605735892233506,-1.4359689957639288,-0.02349502495996133,-0.9993060803077258,-0.5996694708863948,0.011553780853369926
30,-0.4949062069249829,0.24503010017811014,-0.09255595025575718,0.16230759389947383,0.9540953378529565,0.35500006240745646,-2.1917713620539048,-1.1599807776079236,0.3671609363834462,-0.9252077488833778,-0.4709255387157692,0.02717034148717712
31,-0.4083125080663795,0.21777689533416306,-0.10937563201235695,0.16495297742822593,0.9390689905694993,0.35977089730418865,-2.152774876700355,-0.6396095590366141,0.8075005863370929,-0.8990966544860537,-0.4186357450701329,0.1830178680872368
32,-0.38833907523407885,0.4005647801171002,-0.17619859723720865,0.16526693832379752,0.9389954555796003,0.3593007563511775,-1.7789443401390408,-0.15040036724064085,1.30023781671657,-0.744548569762973,-0.18980864025879535,0.4143259117854151
33,-0.3250984348321861,0.4089149821788436,-0.13779900202725207,0.17139731388923693,0.9387533425830166,0.35813808753720655,-1.1684541080657245,0.2508726550140701,1.6549543036180705,-0.5113191548841222,0.057416404400667316,0.5214849307656234
34,-0.16868237252742735,0.3245000944284818,-0.14962620492215742,0.16818177300724707,0.9400978382339871,0.3588944206108173,-0.8947717749042754,0.8668607500673502,1.8757617430364926,-0.44445318981532267,0.33449139892902247,0.746156204344583
35,-0.19280879787697636,0.3880678257627888,-0.09508680140292645,0.17350714730942252,0.9291555378935303,0.3507658723286607,-0.3053432305040438,1.2066490029001034,2.268430800871824,-0.2030679045332501,0.472064447255383,1.0352240040933096
36,-0.08038646178615062,0.36018415142313065,-0.07681201767290952,0.16506227115500222,0.9473112322632659,0.3276081847551842,0.10025330692306567,1.5613630966035148,2.343329162303606,0.006883435267325842,0.6549303091365473,1.0210802511663035
37,0.04139207858465684,0.1925433814269775,-0.1860517092164796,0.17348494316785176,0.9318818193076079,0.34026445217099704,0.4258082604640723,1.739900680976246,2.281096294712494,0.34934132607619617,0.901150215526651,1.1144116217527942
38,0.04400670270053263,0.308432315259361,-0.22501214119192645,0.2010886213248954,0.9393494166751658,0.3432651234892437,0.8143242470723586,1.9378425062947109,2.225751712879716,0.4665409505852728,1.0527084010697008,1.0727947221997993
39,0.14151451586551628,0.25704038528545536,-0.19581635452913249,0.17839524277701455,0.9252947910875724,0.33474511805757773,1.0498034256236575,2.0598981701578656,1.9959106157488922,0.6673333256167023,1.2116908053581854,1.0951540357889353
40,0.2223123605082461,0.22099573228469838,-0.22714346489141024,0.17725820546937127,0.9359487193030869,0.3460420043156861,1.214624827295819,1.8307959371662728,1.4865136841681734,0.8233840627516064,1.2475376563489649,1.0247966959264152
41,0.2834435899324036,0.11349288941886182,-0.23636749767580306,0.1852668968620445,0.9350755743990726,0.3315869842450894,1.3984687001484057,1.8477271481376336,1.1420642793559415,0.9483785690556783,1.1916400323433503,0.958986247543702
42,0.27442072411999724,0.09956668360301268,-0.20292836836634473,0.18706700617372152,0.9257407814186209,0.32410249108645245,1.4128483391302906,1.6312475880507638,0.946607384869476,1.13657132053949,1.1746830810582272,0.778891664494849
43,0.3852620827571378,0.04657319955375299,-0.2511712591889343,0.1686349635973624,0.9489346239858332,0.3458895186419208,1.295923876167142,1.4082458547521677,0.5719567942568197,1.2852305202726144,1.0776580376643312,0.6168189008179928
44,0.484225914162583,0.05574989845105826,-0.1659796109448673,0.17723246181773858,0.931205652195848,0.3361137023464903,1.2324923240176238,0.9925239197838167,0.07594123768200352,1.0434963606102183,0.9467053471224651,0.42500088489551374
45,0.3618053089660122,-0.045969476898844855,-0.19705204313549676,0.18776340464595367,0.9440266678313831,0.3295789251918428,1.2923599370183594,0.963811846670007,-0.22697446927580697,1.0873776948851712,0.7659521475073776,0.14056435467139766
46,0.49240076487378776,-0.12020469444951921,-0.17325810142412498,0.1803018462481373,0.9346047185815535,0.33451702597459493,1.2430847928135642,0.8587381562789292,-0.390018339220168,0.9357283292500511,0.5079241979624483,-0.1255475261605435
47,0.4527648733412452,-0.09727135642795366,-0.18719175133754964,0.17759344986418213,0.91714158446218,0.3336750416361559,1.3383115224326936,0.6150472200679838,-0.528825068399923,0.7184732413289918,0.21808111304537972,-0.353265894592753
48,0.3992612853524582,-0.2502875284594342,-0.2051447927751531,0.19043388861072866,0.9186897526245936,0.32420159599461074,1.4952534715652213,0.5806230423144416,-0.7217006409229919,0.6164863376899391,0.09465741021844333,-0.45306584686794565
49,0.5035092938704774,-0.28441304614483226,-0.2054490386556464,0.166387253289099,0.9256174510366976,0.29390364186669615,1.3884358464947266,0.29493487416272934,-0.6724699945234441,0.4628085226661085,-0.18328091739659907,-0.6526724807104313
50,0.4021706330729621,-0.3905889945219692,-0.15780887564066215,0.172017631884204,0.9206117253183875,0.3093666969890567,1.350392445167623,0.44682649242157846,-0.8512819090870984,0.283491016161058,-0.23246881641923176,-0.7306811262748466
51,0.2542099934418016,-0.24749956377165738,-0.16000744835996,0.16377150772514662,0.9192381810544642,0.30915840857468063,1.3439565073800805,0.22461390592599068,-0.9317912077855393,0.30042987782164887,-0.3829834646436718,-0.8219240063431487
52,0.2589968385456136,-0.29458342196241377,-0.10634542448598208,0.18141697952096483,0.9146263296750821,0.301449130774094,1.2437436270019424,0.19112326740416297,-0.8732358098994818,-0.05425298498913675,-0.5993513591989859,-0.9537359603354032
53,0.2178730569688221,-0.30396075570788333,-0.10270623502107039,0.14430047073053387,0.8981509039098495,0.3108163315203092,1.124895224128865,-0.23446299229894427,-1.143960203798284,-0.02416065159898704,-0.5421013174341514,-0.9014723842695622
54,0.10793957156291613,-0.3133182212718675,-0.15415257408362532,0.1541900393923899,0.912732344223221,0.3182676917377613,0.9198391338895978,-0.2957321325850305,-1.26582862404474,-0.11811667433560027,-0.5879188516429559,-1.0021704238707712
55,0.07649425435309166,-0.32825984924437523,-0.06548527199641208,0.15244363274761624,0.8915614067591632,0.2989966980711375,0.6846335849792442,-0.6835196197312098,-1.3964535791216053,-0.25096038921411384,-0.6677254391310248,-0.7263403672496453
56,-0.03722292849504062,-0.3004142378803534,-0.11818956840918662,0.1609901943465733,0.9162229431044204,0.2899877960322846,0.31807850157405415,-0.9469393732351504,-1.5644765254795023,-0.277296833661942,-0.5901998127004607,-0.721312054171573
57,-0.07580727581621632,-0.2922759414529046,-0.06363155664627759,0.15681780196868078,0.9040136924698613,0.3191034644819107,-0.015536977379186682,-1.442067972768573,-1.8104829680531793,-0.3007681859061238,-0.5843977883693329,-0.7261224946167119
58,-0.10938176648834007,-0.250312847053068,-0.029001071140039403,0.16089300773148046,0.9028982372516844,0.29179870686582426,-0.5714960863843196,-1.753803474776716,-1.8787085092860647,-0.4131378467496408,-0.7707845943419309,-0.7007681842137949
59,-0.2820237543330758,-0.19098045114481899,-0.09939851059575794,0.12717794333323712,0.9066473178021311,0.28148271370616795,-1.0246527901459044,-1.809415336995289,-1.9673588894887093,-0.4711035451153736,-0.6372654641445787,-0.5286143125658582
60,-0.29788926714842906,-0.06610580369317386,0.027551094736236136,0.14619713378994686,0.9103660436879608,0.2937040459841783,-1.5449022294765657,-2.2580647619453273,-1.6824479879758851,-0.5345258468500343,-0.6752129235910216,-0.5894128449874642
61,-0.38217287661927746,-0.05784628810136603,0.04893558007897118,0.13133660753346973,0.8921304214128288,0.2931209178984399,-1.689443347040383,-2.345304909971147,-1.5832493970472727,-0.782753407006671,-0.6792971018505387,-0.45520415957044763
62,-0.3932979814048034,-0.03002856715034876,0.05153584937932402,0.1229993721072415,0.8877890059970788,0.279378540050151,-2.059784233931114,-2.2872495736149463,-1.4296297782617688,-0.6577174155211173,-0.6486081417489571,-0.2979611535344051
63,-0.4882004300752554,0.003228181544575378,0.05575476531669756,0.1302532803800301,0.8934534256596107,0.2919328069776175,-2.1215925799829995,-2.198284987586541,-0.9526329562545021,-0.6899749691647787,-0.7407040546872923,-0.27196566953590806
64,-0.4746727213886267,0.05882678017414657,0.07515440482342377,0.11068074031080881,0.8825515530954099,0.27679465310666757,-2.2404257656127395,-1.7554047260468622,-0.435694072510615,-0.8348624143352296,-0.7123790460608836,-0.2336809556082856
65,-0.4595877508048041,0.22649034505372,0.06105525317661381,0.09396718520162094,0.8921718839115252,0.2701242232016816,-2.101512086250393,-1.348485988607842,0.04657408556322433,-0.8780118792175788,-0.6855839860095144,-0.06392616474613536
66,-0.3959965799678908,0.22326587638984918,0.11148891930977498,0.1057252686958026,0.916638683341161,0.2788776801708026,-2.047370462131989,-1.1082707813987567,0.6605836113707602,-1.038036201505891,-0.6144078287156314,-0.08484465940482615
67,-0.3621709002334884,0.24720268182594937,0.11134783989550817,0.08898537809958913,0.8890724842050146,0.2825953685601581,-1.6899740620971704,-0.7188507497693747,1.098433686673099,-0.9377153152567357,-0.47788775617095824,0.11062686475042459
68,-0.45206338491135634,0.26540928694021937,0.1563581400736925,0.09186182420146168,0.905080979949842,0.2664085070831426,-1.193007496809078,-0.014904279219879385,1.3548414876830308,-0.9137807518611921,-0.4298903936201224,0.1973645778638576
69,-0.38099498017927785,0.2580418600201657,0.10304213965607104,0.09631466371818219,0.8838003168032635,0.27398146414908375,-1.1435788393772806,0.41948909530340495,1.7086170076550273,-0.7901769238910498,-0.245506977722653,0.32488237337458836
70,-0.25449562425823996,0.3319269224782095,0.18508331845257145,0.0898356587944504,0.8994797914340261,0.26774255575688327,-0.592621243119327,0.7757067923204166,1.8226200229373326,-0.54383558826795,0.038212470714880736,0.561126405615994
71,-0.3238042866114963,0.39110249864283797,0.18901197864550484,0.09657797338599147,0.8922863797317542,0.29500319563405863,-0.22239529086001145,1.1023582616893375,2.0405671873930187,-0.4592789004889673,0.20426218897093498,0.6322458759682296
72,-0.17824780867615173,0.32996763321117933,0.18173807841451126,0.0725910571093563,0.8939049125547097,0.25783861931757834,-0.04444626692455523,1.1524243322767758,2.020031577642677,-0.19897599135932056,0.44474862274561044,0.955245657657998
73,-0.08640693991571696,0.33037012400205995,0.17217854591333248,0.05302692128844569,0.8992353013307294,0.27701989360133,0.2063303538556756,1.3345099503352087,2.1192389663938105,-0.06821367702402366,0.5177502793784612,0.9351191326561353
74,0.05719603091683165,0.3130068834898865,0.22538942570895482,0.05447475760505629,0.9101805170160142,0.2610016912973553,0.4152100257361063,1.2890981740588772,1.736674002793434,0.2785108878652392,0.7764618048197678,1.1875319566529727
75,0.10486570429664185,0.30256068254410695,0.11645545561429324,0.04642921674122783,0.8936627922508709,0.2587017015305211,0.3814035321167518,1.2824236924079644,1.3454143018632139,0.5252690544733005,0.9529295195254274,1.0596704037363276
76,0.12806395340213458,0.18192334826164946,0.22288414035657272,0.03695309680853609,0.8920848444171046,0.2657312610360104,0.5613964756005221,1.436914842311968,1.228552422344452,0.6859236124934466,1.110198529487745,1.1707415652330875
77,0.19587839694557488,0.2067869044134708,0.21045057134475328,0.04692349141442483,0.8802618800399585,0.26610459963522615,0.5401955763000591,1.2560679379603379,1.0699725306738939,0.8578621653746754,1.145736091218501,1.0192604589481504
78,0.26552705586475445,0.12654503259096384,0.209179624805002,0.02949547311294087,0.8950128668422919,0.26859314012915136,0.6484263428896182,1.4512555847228998,0.7655677883898773,1.1422789600547498,1.2551055098267951,0.9149985403232102
79,0.4099602677552409,0.15934231690768833,0.20919204269468045,0.009500961568209,0.8859330761995198,0.25807913318924425,0.769993903752529,1.253943285778741,0.6367279289836467,1.033878996287666,1.1581142785976335,0.8602020926165433
80,0.3585463193472636,0.019126398920749972,0.150706648477273,0.029529210072766866,0.8959593906540865,0.24777248183443892,0.9581322297761536,1.1999674118946668,0.5512463858575374,1.0681295737337009,1.072219406660303,0.7046405944241665
81,0.40001871352331536,0.02739657758579089,0.16218291821359046,0.014698949692066698,0.8864797125241679,0.2475005792940322,1.1632166830818647,1.3373824249995863,0.5074133157813401,1.056557882478154,0.9352281134466381,0.36958082890784394
82,0.45616654611822294,0.01569581637085158,0.19725210966381518,0.012612350055883924,0.903635440018018,0.25719320353437836,1.3921558363163697,1.4461108918943086,0.37594753530188546,1.1056282103738198,0.8033936190381934,0.28058273259157535
83,0.443242175294716,-0.1335384137323597,0.17573552622519503,0.00331910262600334,0.8657411538884676,0.2572463095862005,1.4474970409501176,1.3563663940225479,0.21755076203902812,1.0513529974776463,0.5342311244320238,-0.07942363531584892
84,0.4372608783357177,-0.2018861418217123,0.15200206925952303,0.001793130161683064,0.8819817391966948,0.26488113310904005,1.9147281443519621,1.2004926354225869,0.22255650516819703,0.8099080877784497,0.41949576729072113,-0.25547103234240165
85,0.37642880139707163,-0.211251717271978,0.05218084935170077,-0.010922106045121043,0.893174555420478,0.2546722703639776,1.9898803490570267,1.2513984562790712,-0.05687993998512527,0.5958086948785262,0.170153884691562,-0.450313250585977
86,0.40415628980293966,-0.2636007660095308,0.139909000891992,-0.005703083838436535,0.8802999959305093,0.26080206226549674,2.0247197006539834,1.1819055973077095,-0.27974201135067844,0.4568804409694901,-0.04553350968927722,-0.6147383411135467
87,0.34353331284617133,-0.3482908377179377,0.1556228000191751,-0.020552424423462543,0.8753680842825862,0.2652063019269931,1.9117872032294838,0.7990796738575309,-0.6289829168453213,0.3942764250407098,-0.22803948485397435,-0.8958365875675469
88,0.3744988752189934,-0.3021014198177481,0.13092227410997268,-0.02758347438166566,0.8801501345070741,0.25165101584441885,1.8018313808762485,0.45977659951015093,-0.9031972268629431,0.13486243956930005,-0.34715044536225237,-0.7848450055059581
89,0.2902488816526241,-0.2415737133253938,0.074722269228014,-0.03406261060914425,0.8685654817657577,0.23523813943802396,1.6107920975869179,0.2130546655999932,-1.1337506058035984,0.1515927294675593,-0.4341760550472457,-0.8985348240316213
90,0.19039350055378604,-0.36262810935277234,-0.03281421544215791,-0.05933055711536102,0.8831472770650916,0.2385177382232524,1.2530608524243867,-0.29946257167303075,-1.6584379371266116,0.04163719845753537,-0.5240528468854762,-0.9675560211887936
91,0.1535249463575361,-0.35719849656171027,0.07384621647825275,-0.052949824762632915,0.9059928709746545,0.2362747835071733,0.6507401942734887,-0.8649335018247905,-1.844813729015471,-0.13068011542425337,-0.6157305947730959,-0.9786732114199665
92,0.02816929409738909,-0.3866692440382112,0.0007730614892165972,-0.060363014660792684,0.892706988537122,0.26703567437919207,0.362046620977485,-1.2628860915518076,-2.0276147758371295,-0.1746961737870122,-0.6199701145765963,-0.9672796298935308
93,0.02152930634986455,-0.2962346315175215,-0.1371441493838764,-0.062078670956780255,0.8698732384572975,0.2432361187024925,0.031444445154286654,-1.703118864397334,-2.269199940557484,-0.23877018351763793,-0.6827595118035948,-0.8775435633021025
94,-0.1066945266942569,-0.3433410760559563,-0.010220253651986574,-0.0840342016736593,0.8719750991475695,0.26474103860066084,-0.8529590759906212,-1.9509026025407907,-2.261250846915025,-0.2576792855055783,-0.6214246308426392,-0.6835621615371661
95,-0.1495474330766301,-0.2970745113138758,-0.12199868100670362,-0.060299124712783904,0.87644518828597,0.25911254494151353,-1.0636069392290017,-2.1934638955032386,-2.287788067927807,-0.48276389339146936,-0.6999883144223149,-0.6544632969623524
96,-0.31042211829659505,-0.13154008631786038,-0.1301093157162836,-0.08168048827030253,0.8903595732247602,0.27135860133004974,-1.4788141074532728,-2.217001358285193,-1.88896094542799,-0.4224267152513863,-0.8239209643721911,-0.6221679941368817
97,-0.2886450179811668,-0.18897795613088356,-0.11436445517480263,-0.10080409688519919,0.8719626513241849,0.2653032123378823,-1.7815583235287087,-2.233094907241195,-1.5908080041517607,-0.5955515750037843,-0.6212886467505088,-0.5114689084591462
98,-0.44170588525985277,-0.03369338233345734,-0.03559744779542892,-0.11162030302882153,0.8731766166733939,0.2554279217295575,-1.8124965433207683,-2.276515667587862,-1.257833466052948,-0.7037106484794394,-0.6978427202164309,-0.3170687978064855
99,-0.5001205373466013,0.046920378608280675,-0.13351653872253827,-0.10305048390508051,0.8888672319205199,0.25574067701283437,-2.065490820990375,-1.8786671276912024,-0.9583300314848184,-0.7371407121717916,-0.7750260431965235,-0.36514109276498025
100,-0.4431992762183909,0.04297369607899042,-0.11617172978947672,-0.1066980995419098,0.8886465257047514,0.25998876583956687,-1.901002633885564,-1.5234181334436847,-0.4214762370415428,-0.8367449675967937,-0.7099131658387209,-0.31409083779580704
101,-0.4903056337511227,0.11612030215195725,-0.05594143017076514,-0.11839765121600403,0.8762815909814763,0.2623890285429364,-1.6631540875704856,-1.197791453811151,0.20635665448938742,-0.9508133241844323,-0.7309535255079966,-0.12602928334187802
102,-0.44165524539187384,0.24196714586329252,-0.07600986523213943,-0.11554893480326074,0.8689012967191412,0.25692774851838657,-1.6169923310692083,-0.7782368950797296,0.6853876376424669,-1.033492898827246,-0.5119156643916216,-0.0965898074883739
103,-0.3292529015251979,0.18627750783292465,-0.17189592809952844,-0.12797166313417999,0.8646800731832497,0.26360306565904856,-1.4283614905053414,-0.5476622356499043,0.9216163464945892,-1.0101546459802369,-0.5422493366993085,-0.023821888405692725
104,-0.4620341831760796,0.21259237768149752,-0.18837074901748074,-0.12096041204672985,0.8733255106783199,0.28180783025612,-1.1782868174036263,-0.26269858957975323,1.2615618032328986,-0.8450552138519317,-0.5702666743759938,0.05245642909691325
105,-0.41853109147397,0.2137548707526803,-0.24737098301497584,-0.1384597711197429,0.8581871773534792,0.2505651353500972,-1.037709816028768,0.1503762499427833,1.2869969931332361,-0.750524737438377,-0.3153632001699048,0.12885141090404936
106,-0.3328289326519166,0.31459584107614585,-0.22547953974385976,-0.13615025078354792,0.8882067087899517,0.27212516794335434,-0.7184716843678383,0.19409492502404505,1.410264464733258,-0.7208038134224372,-0.21312118234667463,0.2997867578337483
107,-0.26436302935884515,0.40858933154791854,-0.17425840359528683,-0.13033482254844284,0.8746630225244045,0.26250147045772626,-0.7977172675956927,0.25546656636166587,1.4459688618872277,-0.5370881499616449,0.1112783874947244,0.49858469546505835
108,-0.23545074403138022,0.39512596486895457,-0.17880847385855672,-0.11856536844765482,0.8860696101973062,0.2755438954400706,-0.5553896057385771,0.6174226631292862,1.4514611248545704,-0.4497030843325493,0.13754863687723817,0.6728684184066486
109,-0.1680369605987273,0.3025888601585644,-0.1944241011183752,-0.158312299499423,0.9002715014489356,0.28424111142024294,-0.6464925153578399,0.5608908133921242,1.2413224647973484,-0.20433398803125485,0.27904206815289156,0.8572616290809877
110,-0.049198443807548724,0.2994318981687108,-0.1497975741586306,-0.15662410429123375,0.8936876964195225,0.2774965047257331,-0.3988844844936912,0.6738454418435015,1.3808508784507072,0.05431005687270693,0.6275264022032512,0.9990178653751944
111,0.017513583979761438,0.29967449278368924,-0.23602181120080468,-0.16390457207270967,0.8708534208623612,0.28808791908988135,-0.3471083657084735,0.6801023906064652,1.3662893301114183,0.21427582396535144,0.7959392815594881,1.078564145683642
112,0.01591772350065647,0.31285118971990267,-0.19635566623957018,-0.15096913754059885,0.8915014304292369,0.2667947165093021,-0.3925845647637365,0.8065325672687457,1.1460434049668464,0.4522230272731728,0.9558965060710019,1.137237106781454
113,0.13778486791409383,0.25276429727618127,-0.15145430364276125,-0.17337393833912237,0.8948683852478052,0.29614178098639343,0.03192379562189564,0.9729976543330527,1.1304529426891121,0.7268913627232124,0.9760902327239285,1.0745135142895463
114,0.21358111190747225,0.23099284843553058,-0.15163810921032303,-0.16958698152769602,0.8763433527203983,0.28145708647164697,0.2145818475189189,1.21824595867679,1.2834560254366263,0.8761868092533251,1.2047813719953742,0.9644956585903404
115,0.22308394304138293,0.18602326820457657,-0.11855379081045091,-0.1676557802922603,0.8748267698017453,0.2961605540752026,0.586395825422401,1.4742266715714294,1.2198105052527195,0.9614168365246929,1.2998372528018796,0.9686688567936327
116,0.34487285784489563,0.10224887084445075,-0.14200852977968975,-0.179525081855513,0.8838508138248601,0.29423447015783655,1.1045307479375155,1.4540339090719607,1.0790682534834775,1.127728878127095,1.0494295088207022,0.7995361140873467
117,0.3355272381753483,0.05781555452167956,-0.16568004071712067,-0.18144886847748753,0.8695560854246804,0.2690470562536341,1.251197225558493,1.86171992535419,1.2877836934770197,1.1153833609903636,1.145698204883434,0.6323729847206095
118,0.4627076667104934,0.011072969182777219,-0.11914390181959797,-0.1785249238712079,0.900934232472935,0.28984760195461473,1.6009965060545945,1.8143222316605991,1.1276477739446915,1.1681968068845006,0.9060810193298892,0.4380501925308689
119,0.4475316255722104,-0.06255737832417069,-0.17323283065289524,-0.19641923950495746,0.8628631390987127,0.3021254389758036,2.0998399541383663,1.850010462414063,0.8923947996000164,1.0367512987122645,0.9088021605944014,0.14384630101268575
120,0.45357735208117467,-0.09060956229171893,-0.18985465022683362,-0.1912664873018973,0.8765712460675815,0.31797242942870674,2.202153828496695,1.9164389725951438,0.8320007723790688,0.9118036919224063,0.5963308521891655,-0.0893513802923268
121,0.4178839380358359,-0.0763442307819998,-0.06268818368531455,-0.18208765493075624,0.8856981478648808,0.3078115196565753,2.4245212928096835,1.6738736271564663,0.3274781509104075,0.8029991698760565,0.3487355613922449,-0.2610992566413208
122,0.4269819610198542,-0.18951419651980367,-0.07752093891410486,-0.17736772953018154,0.8869085993756617,0.310009487849387,2.308147231305367,1.2663981446247932,-0.15493881924812747,0.6342812945472566,0.21648261271604152,-0.45890776822458457
123,0.30607296707033893,-0.25925616853490874,-0.04173517688233937,-0.18134620190644643,0.8916567989462079,0.29578060519608806,2.067340967161006,1.150637243726221,-0.5381089771019318,0.4482284198913382,-0.016240988305919524,-0.6838861422500554
124,0.31078228929658036,-0.3817629393026818,-0.12393438295311912,-0.1976117920237,0.893555740589892,0.3266688030296427,1.8751442235355145,0.4751532841679644,-1.090371221988765,0.3117406846195172,-0.2600496385383291,-0.753740890079081
125,0.33634004149338464,-0.30492923455799603,-0.038860653102688575,-0.18463786291759998,0.8895796086062836,0.33284678028494813,1.6236172554283101,0.06293777880610867,-1.5036880949652718,0.2394466404841345,-0.33082567845948196,-0.8924341056022316
126,0.1534793644489138,-0.4392193968418579,-0.03197334053717113,-0.17188772867024427,0.9039869789505518,0.31744310954848465,1.1708547328764767,-0.44764821682426537,-1.787484712415008,0.10753271120757549,-0.5219810454321699,-0.9923261016210935
127,0.23648564663049035,-0.42007975910745193,-0.02654939421461797,-0.1739299469269973,0.872153763690682,0.3172977964410392,0.6272352644094953,-0.8268063555319599,-2.148134191257271,0.037504049013359145,-0.6854479592591755,-0.9398743450123188
128,0.03552354721410153,-0.30460056617452136,-0.07759278772322639,-0.17963751450887985,0.8945013952708829,0.30559363058232797,0.1631625957009759,-1.3881386497214687,-2.312576322572666,-0.23333873992464244,-0.5147065654825709,-0.8057271021092061
129,0.08581194455708092,-0.2997530516518062,0.03660518058451706,-0.18683101280380654,0.888337873736727,0.33285107054990126,-0.286488517870954,-1.5924798155376758,-2.190948511578986,-0.234318552929651,-0.6926215698743582,-0.9084195474353438
130,-0.07053058543215668,-0.32067404859237014,0.11594084935404302,-0.1704995414216419,0.897813724259736,0.35321371423845127,-0.7021066928435336,-1.9466795812553788,-2.178649868644973,-0.30611318079781047,-0.7259886370300286,-0.7286983102006862
131,-0.06472568778734222,-0.3677983799157416,0.10723397417643721,-0.18120412691368334,0.8997242632653776,0.33546895221112666,-0.7951611251623354,-1.899039855319149,-1.9924837437669904,-0.33813526064672306,-0.6761205102035783,-0.6366264762571111
132,-0.1695705896975007,-0.2618809772642645,0.07447804751793047,-0.18546117901472944,0.8894486394358923,0.3429702743736019,-1.166774297829687,-2.044427091308753,-1.7313912465339896,-0.4441879885856292,-0.7919359641859989,-0.5471356500780029
133,-0.3203463104716683,-0.23128046506938402,0.11921354400083994,-0.17989748040601364,0.8932288534046302,0.33771290546320043,-1.389773464580514,-1.915782145389284,-1.388242594364261,-0.5212545842864846,-0.7805739947658107,-0.6065020938270905
134,-0.24144232617653796,-0.113865616505123,0.17218573446026608,-0.15525484354297406,0.9086557202684499,0.3243190945177593,-1.3929503362988367,-1.570455034796706,-0.9322147280115863,-0.5230037083686983,-0.7314393118928814,-0.3615825522503173
135,-0.28348439779292994,0.0229981528774037,0.009544475745895592,-0.16515796707786828,0.905330942696928,0.34932688605144707,-1.2970299953629159,-1.490953617912256,-0.6723377377782245,-0.6437763872451698,-0.7354116597257098,-0.40640888846978435
136,-0.4003212971957392,-0.020641801285593647,0.15327442542794803,-0.15315094054128814,0.8961663439713723,0.3253144786199373,-1.2752535174221276,-1.2875429765055022,-0.17223368231113223,-0.8101570950290111,-0.7005246116105306,-0.36294113770636394
137,-0.44078907885424845,-0.01114977869775715,0.1972095524769305,-0.16668630841504045,0.9245129939680282,0.3371585134279811,-1.3007571466587744,-0.906150101145628,-0.09486564984483192,-0.7410074336404121,-0.6311137627459361,-0.2953683699616016
138,-0.4528866334305929,0.027793691075493177,0.21322491163252488,-0.1494309273664402,0.9283667943775638,0.34355942759643404,-1.314543487387932,-0.8716668383853183,0.20356130969805664,-0.829582616465426,-0.7074245725436814,-0.17379889034496632
139,-0.4986776747103014,0.13954368995201624,0.2716656730845727,-0.1615212555308911,0.8918258584005848,0.35100276355851856,-1.2481865088072097,-0.8148957713020172,0.29609081783269864,-0.9708705185842236,-0.6102692807410836,-0.12454756304999645
140,-0.38709992484006434,0.18544894277617296,0.24926853649190112,-0.15355330028069109,0.9106572698280055,0.3476297460665204,-1.4023894103743793,-0.5727170073449181,0.5090359763663557,-0.9037881258989425,-0.5389728433160478,-0.041020265614094775
141,-0.4485920456231965,0.18307465984463783,0.21235667639585631,-0.12337236497356002,0.9339303001147548,0.3485246481686852,-1.4049351851943104,-0.6312123741303042,0.6710548716682541,-0.9778348485982344,-0.5453111725570516,0.1613417585879489
142,-0.39132505837136056,0.2859211208818509,0.2143281643814937,-0.1366105709537616,0.9178913908052547,0.33811503052679115,-1.2702847097384453,-0.3589919004937793,0.8207957851744333,-0.8038962690272331,-0.33973505793302916,0.173409487800453
143,-0.3845866732243606,0.25396843006799596,0.23934425205989657,-0.1451349180353412,0.9134848717732638,0.3337942873976767,-1.3990699908615538,-0.2534765219616275,0.7285077200624633,-0.7776866615634321,-0.25215351561545923,0.3017385308113791
144,-0.32247883769226093,0.3895863945356115,0.17205836870947394,-0.13661343892276595,0.9104241790829767,0.3481429606022761,-1.3156086923079064,-0.265537866980965,0.8772451685025762,-0.6627475958970501,0.052842261835575347,0.569090352245502
145,-0.29295489467022684,0.39999162023050155,0.19431162098110535,-0.12795211872699763,0.9083306785396236,0.3411462982879049,-1.1745756946204904,-0.09342595901402068,0.9721614214769609,-0.44868690248639614,0.22021848117676363,0.7224771764932143
146,-0.0975318797352445,0.4040161068731532,0.23722137162746426,-0.11437241866863389,0.9128615236312305,0.33576860266341574,-1.0740176779613508,0.20216222456192362,1.09691643375118,-0.2541646856848785,0.4069419660251532,0.8962603730050495
147,-0.09480163928318913,0.31895304854176115,0.28370055144839856,-0.12645123637848593,0.9107283733431781,0.3366618167182857,-0.8931016588107525,0.474677218521761,1.240067529159893,0.03992218186129601,0.5356379961683043,0.897247514970819
148,0.03698753798693724,0.35142070977885154,0.17016716932532056,-0.13388326392854477,0.9249374628044079,0.34477022934337664,-0.40186993613388355,0.7248656457774936,1.527888992583317,0.2807830402418241,0.8170680510785028,1.1270626787793372
149,0.06547108199417519,0.2927793578679947,0.1664630858624705,-0.11401114848752333,0.9147620331099604,0.3313704835797017,-0.12959813154925487,1.2026633371339674,1.558681387755921,0.5054877122866884,0.9294510602102508,1.1515717897077675
150,0.10433747108358196,0.2450348580248406,0.16809050602722722,-0.10564749084100764,0.9155884848798994,0.33652030093540586,0.23236902512110535,1.3459006826842892,1.8407239641653381,0.680465046800796,1.1431727868349018,1.2412280888830396
151,0.192983722134744,0.20501750156951692,0.21323407730755684,-0.09914223128052142,0.9092348234948344,0.3336160427770049,0.7923919681806257,1.7936292779092016,1.9025212691257563,0.6700283429614555,1.170197892895316,1.0213569375164844
152,0.24555708143742783,0.10811526831225217,0.1311948443514366,-0.08136453203120668,0.9220157220373695,0.3516362087899089,1.2268056383141122,2.050526446921808,1.8291131966697596,1.0268672923256978,1.1509428718056651,1.017403624642516
153,0.33036286075939797,0.047064223918605375,0.19166055455432796,-0.08552405069563321,0.9148231157983505,0.3536138250191009,1.5388947288410528,2.223236713228431,1.6784067882662574,0.9887634925727089,1.221791883076505,0.8462381715226994
154,0.35812427603511626,0.10170554823944203,0.0543136108114081,-0.07459520519550793,0.9232058276552813,0.36920063378825524,1.9535856540726109,2.318830114731625,1.4172294538874437,1.145774698529935,1.1228787277263388,0.583644357325758
155,0.3979934957607018,-0.0066193391189821,0.0769055461801635,-0.08765140942096117,0.9366755341288246,0.33362506291256894,2.1684364132593648,2.1212328333960726,1.343173541089056,1.176517383693985,0.9103432361263063,0.4200907007576155
156,0.36830554560480777,-0.045368183563983616,0.05911002586369133,-0.06176824514645096,0.9311545014465403,0.3411527593346897,2.1342955328813007,2.068569034956647,0.6651823247066219,1.0568068900560565,0.8444959665274846,0.2950083628309228
157,0.4085833314814954,-0.06362251997441085,0.09055406357810405,-0.04319193985182224,0.9337729826037161,0.35630208818527387,2.2703146947450685,1.6983298675471012,0.41625215361537093,0.910980044834202,0.5598916075433452,-0.04199921452066121
158,0.5304308350816065,-0.25461862754395403,0.08525662181117663,-0.050040756862795986,0.9335085044841722,0.3441163110050472,2.1308302021989687,1.26410955475555,-0.16786245079119194,0.7898851005952634,0.34931178824483466,-0.29014205419951167
159,0.4001139944179183,-0.2566001447806169,-0.06100081935320992,-0.04876791004518853,0.9317514015434841,0.3420052269059385,1.8862573206903621,0.7530354227504712,-0.7424723871881587,0.6423616097221152,0.16521366381649738,-0.406468004389379
160,0.3544674842285338,-0.25181698975348493,-0.04993258202195332,-0.043224297805596376,0.9310873974682816,0.3612436914640526,1.4795793980896599,0.29190064798649423,-1.25752809391775,0.46112899682969327,-0.0859581889629565,-0.5792459723988053
161,0.3858447658252046,-0.27668751349158943,-0.005945840596534514,-0.020289857395709845,0.9304714546507951,0.33953318920329684,1.2333958594577692,-0.04723423891677808,-1.456294171558147,0.3063165494901324,-0.24492082185497122,-0.7200410267986281
162,0.39055466472200434,-0.34234770575601975,-0.07413666090170165,-0.040775965449458315,0.942316152195718,0.3300121457727932,0.8940041941041955,-0.5709741501539248,-1.6763453049614148,0.1440245083609183,-0.3780945186182619,-0.9238960625342534
163,0.18950950072679934,-0.28994897781973794,-0.13537844216460757,-0.025913275902775444,0.9250435175325088,0.3269565187643404,0.5563822222418443,-0.8373060687973707,-2.0524312078211575,0.1443813026643207,-0.3957190678673015,-0.933444629722331
164,0.18627600258035684,-0.3390000503513793,-0.02487261895932135,-0.013463032743836582,0.9504383975248584,0.34193332393079406,0.14418547334374782,-1.0219694951925467,-2.051712844065309,-0.03689229838039531,-0.48547475942872337,-0.8807284095632281
165,0.09394337002090834,-0.4082657656853266,-0.06896958035325293,-0.0038622824371445574,0.93850040061643,0.33998181180072606,0.03219924385322839,-1.2005159132936947,-1.8910095018845143,-0.07123116855373526,-0.6504219319470597,-0.9594446295899239
166,-0.03726560052330287,-0.3822319274722888,-0.08506580511414649,-0.008896696236884688,0.9317831430582949,0.3214721002640827,-0.31973205026915325,-1.2523252044209057,-1.8120209343691782,-0.2229936385044665,-0.5740699803693803,-0.915147117061428
167,0.011312994946009017,-0.2738792265276606,-0.14859900417379673,0.005335101126275799,0.9354701958396148,0.32350599880882636,-0.3857066303623925,-1.4274383274065512,-1.484344633712193,-0.2743878369379634,-0.6916170578357772,-0.7517675609122605
168,-0.10209403835496335,-0.26040066693813957,-0.08739589596857147,0.00626476245884717,0.9346631677872788,0.3367936550256862,-0.3680298699702782,-1.4701704723475784,-1.4648497606185427,-0.35617638486466086,-0.673471994766821,-0.628582923936325
169,-0.16994070431019784,-0.33984259909108194,-0.16364904647780432,0.017017926707146497,0.9440854001043656,0.3352263269736783,-0.6189036200566341,-1.257147450337466,-1.146500573170145,-0.3866769606605215,-0.6453085099365816,-0.7091798332735484
170,-0.2787376313628277,-0.13177024242858085,-0.10831821268423325,0.021239066637835792,0.9363329796468158,0.3209541665137991,-0.6888233783174446,-1.2665779553320644,-1.0777599761670136,-0.4380387484846995,-0.6817848678494195,-0.715873382719926
171,-0.279069301291678,-0.11780290061874024,-0.21879291718652286,0.01785875295652344,0.9559375941339564,0.3314720970785163,-0.6594615622197019,-1.167617342955991,-0.6288213347039001,-0.5525513396292941,-0.5564496794276211,-0.5721840057585111
172,-0.38079466193584444,-0.02484478866401474,-0.22447926636880716,0.03573666064235874,0.9376805696638052,0.3287682451157076,-0.9088194669969395,-1.2455981612472924,-0.7095568696664849,-0.6917092195114721,-0.6895394103199086,-0.47661624055841245
173,-0.40283750001058827,-0.05286293073436607,-0.17852082614591075,0.0513413346848888,0.9237272553088044,0.30296042039768833,-1.064625435030615,-1.1629155074983066,-0.713948311904663,-0.7838402816674492,-0.7767605318252631,-0.35838706161226586
174,-0.48160727685671056,0.010837773016652313,-0.22921000905226283,0.0394611654777017,0.9400718993098885,0.31535961855115197,-1.214238973435681,-1.2176721984857823,-0.4529894584959256,-0.7187039135701768,-0.6205685097493926,-0.24711258302605849
175,-0.5052648912782217,0.027865541118489975,-0.16397173538660506,0.05321214149974214,0.9281990595144654,0.3202738474069452,-1.3544666050425416,-1.2537867401205445,-0.36166976522185634,-0.9039848109956459,-0.7047391695973083,-0.22149636006527765
176,-0.3831878771267161,0.2671830681372528,-0.18667049901887256,0.06868352681598457,0.9487600565911299,0.30799344284882385,-1.8255928171872973,-1.274708441577784,-0.08728107030400037,-0.9526379024871684,-0.6599681180223652,-0.17292681232891743
177,-0.4679055774748222,0.18368289551578945,-0.24601696000705792,0.05766158612645237,0.9605960225689316,0.28990182103554824,-1.8859247032016866,-1.2429574149424503,-0.12206212493689744,-0.8657492625828029,-0.7574795584206055,-0.025107693045409055
178,-0.4078462181264532,0.31842572724321183,-0.1946798637955431,0.0764139879538727,0.9572981277136883,0.3059994099664448,-2.0166505674737745,-1.151668270170519,0.09822028548424858,-0.8699233570914852,-0.42428586358428594,0.022041826534482604
179,-0.39187133726238915,0.2464146136322902,-0.2126164478702846,0.07010768070667145,0.9382303054455552,0.313866602008662,-2.056909938935675,-0.9690435923510774,0.394835255399816,-0.8425056680809011,-0.3096018439298822,0.20876026803732498
180,-0.3687882193872143,0.3186974867813931,-0.14429346913651847,0.09806196634664642,0.9447381269593179,0.3196498097813395,-1.9710274333751359,-0.6399595655361885,0.7722844631244732,-0.793326857478162,-0.1540119257236282,0.3201544174091722
181,-0.31872322490225624,0.24974913156855166,-0.21509164908490913,0.11572732989946975,0.9708695583266493,0.2794282961164533,-1.7922032915241197,-0.41163278912937695,0.9745203707923835,-0.47966572108599675,0.040476434872377925,0.676418684924142
182,-0.19999366062939844,0.3274149332419852,-0.19720548701008367,0.11857353525462609,0.956958231107424,0.3249563298284483,-1.4116067702706094,0.1824928657093195,1.4108148474069846,-0.4102885218654376,0.286588510347879,0.7234725249866033
183,-0.17811729524374081,0.39903760174921843,-0.1049432480435474,0.10177127983827675,0.9544708680064984,0.2850417196165069,-1.1255251793534577,0.49102937868697094,1.7025896747781928,-0.18388007464723286,0.39527551990469456,0.7752288639865969
184,-0.09744167364004747,0.28050975855004406,-0.04239386258409815,0.11682944487243523,0.9656128928136902,0.30338207166131176,-0.5848598352625284,1.04450391188695,1.9250449564011543,0.00918439643995465,0.6647007394657938,0.8973891869639614
185,-0.013023763725433428,0.38010482835353493,-0.04184898994734555,0.11594629543976573,0.9801676722218363,0.30366925419333757,-0.06160873449379424,1.399847144256366,2.166438329681733,0.17652966477955756,0.7587264198815986,1.03282353196153
186,0.12083104682068757,0.3173779523335849,-0.12488057036811107,0.12090319509885808,0.9691588148744382,0.2986942650838825,0.3528705312728524,1.7692707201050757,2.272643138120161,0.4149425664922012,0.9487705102589371,1.0225301943877387
187,0.17039142006640562,0.21371306627100162,-0.10222737609669107,0.1403351656556832,0.9581043375750651,0.28792522574256146,0.9008655211222304,2.2436921905753633,2.1888721624835585,0.7310340244490019,1.1604037541568122,1.0920806440688602
188,0.22594095066606815,0.19859079093417475,-0.020641038077244322,0.11646382871798161,0.9607379411953783,0.2724140946048555,1.4386781081946447,2.2361474121601748,2.2265192696895557,0.9074301621243351,1.1989347647453654,1.0543610306886066
189,0.2431397240923982,0.15205564705800123,-0.08683298201241908,0.14482235215101388,0.9638060286691512,0.2879334353693951,1.6557435724603125,2.2141389117168377,1.7668673039203893,1.0028946374560437,1.1198486965981085,1.0616642431095578
190,0.25893744633931115,0.11884659227293239,-0.11202468631680565,0.13820262374808462,0.951915275686705,0.27220140058783043,1.7958949554823604,2.189971635825435,1.617659455844405,1.0301644522156208,1.190155442815454,0.8433447493483979
191,0.42281179171269156,0.03734572024079683,-0.039409561937182994,0.15700367796265174,0.9478245526999034,0.25186482205118116,1.950135443321827,2.0391671182892934,1.1710176960014629,1.0444967768571436,1.072708978112454,0.6390528535779642
192,0.46018088439045635,-0.03622299937035271,-0.004329930736091295,0.1488133988180875,0.9592678172800391,0.3031766651260713,1.8821159987270768,1.9623530650686092,0.6154069100203877,1.090689688285112,0.9025063831696568,0.3909896035814334
193,0.4295215484643804,-0.06924712595662455,-0.04978161011032653,0.14402832726232356,0.9495645581829187,0.27982804221469626,1.891074047755993,1.4682520684538496,0.0830762738695972,0.9562656764000668,0.8077084318731627,0.1657002364617862
194,0.4758156971974521,-0.16297047118456626,-0.07198162944662048,0.1571262018823712,0.958676865838797,0.28885597987380696,1.7842247511846565,1.1565904918550056,-0.32462418960933187,0.9927673037072159,0.5611320914602286,-0.008972208300530828
195,0.48707503676565633,-0.23050568391777904,-0.04294235713002204,0.16509487335819226,0.9604687640237265,0.2595612440759923,1.4509741847686362,0.6315930471597547,-0.6625328926920124,0.8751537922707111,0.28148610978243566,-0.2513706517959641
196,0.47598096010822255,-0.2180747132179525,0.08047840750842915,0.16124909308833935,0.9830949612714085,0.28143388737081615,1.2915508721060378,0.39687684232322645,-0.9567863752161533,0.8258244985125778,0.0987581893709621,-0.38317423737857403
197,0.4544371647058265,-0.21496676932086484,0.02719026230754145,0.16869945748886517,0.9513119786375576,0.28082290771069923,1.1994858708586282,0.12629409539822775,-1.2203991201296394,0.5525599313538676,0.07238166034118779,-0.6703243566487495
198,0.3478087863997361,-0.3715843856602092,0.07537745757386155,0.1612971454731826,0.9587031798174216,0.2787236728409466,0.8930411045735357,-0.021776229025737615,-1.3023137810763514,0.3112740106900708,-0.3032001058571328,-0.7112471168642045
199,0.39792006649306033,-0.322472699051427,0.10969123646357662,0.14763325536924654,0.958337233518784,0.2613130908496226,0.8072853576836603,-0.4017034308190718,-1.4856461864833967,0.15215675630978326,-0.35008183797968334,-0.8582740215957967
200,0.202173710617328,-0.37341473419496235,0.1457770286037373,0.18019040877086107,0.9643731053337534,0.24794470112981795,0.5978220818612989,-0.427714044135485,-1.4201885605019262,-0.1296381901111531,-0.44708638538944606,-0.9290186819902476
201,0.2423273578171915,-0.3982550131996875,0.11283264317857387,0.1801565782473383,0.9704475057304656,0.25674148185200973,0.5256270469181474,-0.5469260122890796,-1.5228946583081102,-0.0679191750896131,-0.5343781419140483,-1.0632676311800902
202,0.15295527206302767,-0.3051751835332702,0.16814409623722212,0.1763754957707846,0.9550162341208643,0.23513700283215505,0.46701075426913863,-0.7323272401399251,-1.2782836872964243,-0.13605586677051928,-0.7066730793426178,-0.998859034849112
203,0.09727467771892015,-0.3622179045274046,0.11108997467255496,0.17705801505126761,0.951608958283073,0.23890285982558218,0.5851526301810945,-0.7354431471117083,-1.2726721734548685,-0.14716766667163161,-0.6890141798890299,-0.8279389760514442
204,0.07134047217394097,-0.2402009740627925,0.1485383747128612,0.1879664276509636,0.9432774818932627,0.25571200364939534,0.24724862347459778,-0.8584112643187507,-1.2815668544611767,-0.23949639310321047,-0.6801260455100576,-0.7203729227321389
205,-0.023942184959511337,-0.3238674273850359,0.12498482632070268,0.17400957898184036,0.9502454886557771,0.24386246107433637,0.05809804083253537,-1.1570160021777736,-1.1428227102450959,-0.30816613485550204,-0.6481502292558649,-0.7129636616343268
206,-0.22815943834427643,-0.2271307553608819,0.24084258409471143,0.17223870899218585,0.9646558983749135,0.25123257178132524,-0.18066466287343264,-1.0886741459774123,-1.1891348434902742,-0.39902471605148665,-0.7369847906756714,-0.5973370553469761
207,-0.32316361195142296,-0.21232445408043044,0.18934574782007516,0.1778871534941233,0.959493140895782,0.25100667411153127,-0.4407847612465334,-1.2834261355051837,-1.4885932794424133,-0.44516423372094505,-0.7690664187884333,-0.5873648784101594
208,-0.2588608873927232,-0.1873961098805883,0.15852121450417345,0.19187675984220223,0.9485889864960837,0.27074458136530705,-0.7121856490753851,-1.560335876083728,-1.2712558781454155,-0.4770362567037846,-0.6411075465803463,-0.5101140068181202
209,-0.4028264855532607,-0.0647481177510543,0.180954030328571,0.16607202502834917,0.9546840726622292,0.26387688939958454,-1.1119825265329535,-1.8167213726706617,-1.3728600587332804,-0.7119936885227044,-0.6377402796386656,-0.45813118022041527
210,-0.3949582754521142,-0.04361524678633729,0.1888447320949276,0.19156311104322896,0.9583569901297089,0.2500392399681624,-1.3232764092457463,-1.7351703334535538,-1.1023035872433402,-0.7613428351371799,-0.6827588978858102,-0.2940568786367212
211,-0.38329200998065244,0.053589907942885,0.23457636747816263,0.1726986545145789,0.9626720200742583,0.2622893749546128,-1.7985867485260523,-1.9093627778450353,-0.8506667152718225,-0.8987256323129968,-0.7358359349578361,-0.2660044908906948
212,-0.5261985424528199,0.0796876241469116,0.11765178926995458,0.16727562162815698,0.9512571159071448,0.24224146013225012,-1.9630708834343649,-1.8369896260454555,-0.8730114019116608,-0.7878290109379832,-0.6566153603937535,-0.22955501746971002
213,-0.5554901401007356,0.08402842225755003,0.1417389399149278,0.18982219857668015,0.9542057844507805,0.24663404015815907,-2.2272130031385324,-1.6884713128654452,-0.5247114186958647,-0.8560578454856695,-0.636990748993564,-0.15388065116438557
214,-0.43008899952128105,0.18551155114317588,0.16917527410340522,0.17493936129431284,0.9380087347652387,0.2591959690551048,-2.257838135206513,-1.6157568068549735,-0.17561082642489478,-0.9084465032002426,-0.5305938133517549,-0.004798711468985438
215,-0.4211770515487366,0.24003583868515105,0.3075411132523346,0.16134262535930435,0.9441264029451553,0.23789390331254825,-2.3542925763828983,-1.1774560938450294,0.3034316416871198,-1.008519847571358,-0.5633259194567061,0.09459345540827235
216,-0.40387284317038263,0.325367255273227,0.21998097520061077,0.16894659143256333,0.971229423783543,0.24786300490607618,-2.057796738319919,-0.8425190883620958,0.7863559256367852,-0.8671955614707482,-0.35695647128263186,0.15647446561428768
217,-0.3465996389009192,0.26417103960658356,0.15639761629127372,0.1797882192079244,0.9325482743532093,0.2379113119681706,-1.7507367855437388,-0.34803762577438263,1.2926732549715008,-0.7881278395338471,-0.21781918151003063,0.4559428845560082
218,-0.3384893704571942,0.33067282940680615,0.18593427873262414,0.18009995156840788,0.9503950914937404,0.25288492872906165,-1.37387740193846,0.15785468687135476,1.5258871313794178,-0.6222352856997477,-0.09201795076059803,0.5251167350279906
219,-0.3095925245429244,0.2601498733801382,0.24026236442398174,0.16137074570664617,0.955275205264425,0.2687477805024323,-1.078196500879081,0.6632052134251386,2.07277586850489,-0.4526786176536997,0.1902961325807398,0.6692871764237042
220,-0.17398879125212088,0.38248201059397885,0.11156437784154807,0.1669320770348562,0.9486171873217276,0.24573425693486506,-0.3642676683362904,1.2060965962143815,2.114179003826875,-0.19396010331046046,0.39221129493090845,0.9086488306082654
221,-0.14122360849891583,0.28945063297323476,0.08971969011376932,0.16700540711038228,0.9435246252613737,0.25646470502079755,-0.0067958265368465685,1.504665778196162,2.3335501911069496,-0.013174623529156902,0.5762247237149535,1.0142307604598377
222,-0.0991346483220255,0.2369613551440784,0.15248641349065925,0.15018681090335112,0.9502097443871582,0.2462990551266389,0.4043150752066701,1.761612142147508,2.4004617283503125,0.3037623074879995,0.8203277487232324,1.0507163951434277
223,0.08448801516119141,0.29867658438008116,0.09964749384902007,0.15672936747470906,0.9499547887701957,0.24495613490928766,0.7662453681338603,1.9200735200946053,2.239492260762323,0.5011703101098697,0.8793419651050397,1.151888596413811
224,0.13059878028855737,0.32261951418293766,0.09090292505355065,0.14918848270769067,0.9483375710475375,0.24538248631334963,1.0332069024869055,2.0261202485638288,1.8759710212776937,0.6817367975074815,1.089895796948595,1.072076681020896
225,0.22462215171443722,0.14913534703924655,0.013823895075672266,0.14026281488275966,0.9295071500359408,0.2736846094542015,1.2623118614910314,1.8822788276873863,1.58219263993421,0.8713756864464208,1.1993874013823396,1.0625317003683665
226,0.21959249530458452,0.12250814150023434,0.11700259183958542,0.13661043843080226,0.9459078479575936,0.2842607737301237,1.2260868440046977,1.7862435895419886,1.2378479259498423,0.9867873641340142,1.2169877818221937,0.8772597514364919
227,0.29319096899233854,0.08621917546718862,0.08764851034001561,0.13790999680073268,0.9379013477100305,0.26706562228267655,1.2857788299644046,1.637495054887425,0.8889332962028664,1.1471537859879628,1.23520250809587,0.9481522986212839
228,0.32381600327710597,0.009838663415786486,0.011824025643765126,0.13305089599405767,0.9400196008418122,0.2567664189435617,1.3708612261889193,1.3816880477711735,0.6151911337626205,1.1145106273482681,1.015648745412413,0.5799911858598751
229,0.36637912097867414,0.026311551705983507,-0.000757894851085919,0.12242152236442809,0.9467860297795337,0.2727635459795279,1.323984072326572,1.1987300707084365,0.08766182329666707,1.1296815544444379,0.8667865560847466,0.520699987547265
230,0.44563281839535346,-0.09221229526571206,-0.15453020877208934,0.11895902798316255,0.9499186975965047,0.26424328319492335,1.245270340331752,0.9575178918764342,-0.050226263774404464,1.0232962175659523,0.8028360077454344,0.19536349530430042
231,0.4093509367985662,-0.1456152591313992,-0.039013922669374,0.12931880841893556,0.951451108456504,0.2775542700234595,1.206942042953049,0.9951425158852902,-0.25649646730397385,0.8541738471985286,0.6203002970027863,-0.054847553914355196
232,0.4660634385554416,-0.1349248832893256,-0.09772029483295289,0.11512271638409602,0.9364689412293711,0.2744809348995282,1.1865533899072225,0.8042092164967325,-0.42032446978041393,0.8656529228351607,0.510758833366907,-0.24181280742098935
233,0.45213846576400635,-0.25170535452376086,-0.08266934225131711,0.11647384061623614,0.949601684397216,0.27647056612057264,1.2719246092921404,0.6268307614113445,-0.540586982443066,0.5983234289529002,0.21008162179171602,-0.42786686393121276
234,0.5108057361522541,-0.23598799514330607,-0.08568349214471396,0.11412663316219039,0.9510074222903087,0.28191531426191374,1.4082501737045086,0.49693364400625656,-0.5397371929586038,0.546392573064525,-0.079145152760412,-0.5897940014339021
235,0.3025468061302118,-0.34249695591143653,-0.15127062220865323,0.10233724569261499,0.9495259992350426,0.2722776701605385,1.2639770744580372,0.586620393501688,-0.6957326517648638,0.37757010779711236,-0.15778658494071265,-0.6639905394752275
236,0.36853418009131195,-0.3823964181292621,-0.23196216074410858,0.11336103942826146,0.9509288510507173,0.27631437166026873,1.4818659724048293,0.3274491625634138,-0.7488447450119452,0.11011449201762528,-0.40912921725494567,-0.849311332878837
237,0.2623111709780549,-0.432184915098277,-0.14099373231048903,0.07647366747212092,0.9344290905662022,0.2654806546226044,1.392937956042924,0.14708866298001205,-0.8784804106981365,0.025182575543471045,-0.5689504580343276,-0.8745886746310648
238,0.20107096073396652,-0.2562017524228951,-0.20701943141826362,0.08676493392799095,0.9329836629566546,0.2806531954452042,1.188401929068741,-0.019965836171730967,-0.9170806368762731,-0.05931572346528823,-0.41341965149528154,-0.9788314265005502
239,0.05847308397739068,-0.3640966927940556,-0.19554424840270243,0.06934171869814826,0.9418000246037552,0.2732650519974798,1.1058422829569152,-0.2736904086189315,-1.3787905210971738,-0.17149192510141809,-0.6118174636011223,-0.8799670983781158
